{
  "Version": "2012-10-17",
  "Statement": [
    {
      "Effect": "Allow",
      "Action": [
        "cloudformation:List*",
        "cloudformation:Get*",
        "cloudformation:PreviewStackUpdate",
        "cloudformation:ValidateTemplate"
      ],
      "Resource": [
        "*"
      ]
    },
    {
      "Effect": "Allow",
      "Action": [
        "cloudformation:CreateStack",
        "cloudformation:CreateUploadBucket",
        "cloudformation:DeleteStack",
        "cloudformation:Describe*",
        "cloudformation:UpdateStack"
      ],
      "Resource": [
        "arn:aws:cloudformation:*:*:stack/ticket-service-*/*"
      ]
    },
    {
      "Effect": "Allow",
      "Action": [
        "lambda:Get*",
        "lambda:List*",
        "lambda:CreateFunction"
      ],
      "Resource": [
        "*"
      ]
    },
    {
      "Effect": "Allow",
      "Action": [
        "s3:CreateBucket",
        "s3:DeleteBucket",
        "s3:ListBucket",
        "s3:ListBucketVersions"
      ],
      "Resource": [
        "arn:aws:s3:::ticket-service*serverlessdeploy*"
      ]
    },
    {
      "Effect": "Allow",
      "Action": [
        "s3:PutObject",
        "s3:GetObject",
        "s3:DeleteObject"
      ],
      "Resource": [
        "arn:aws:s3:::ticket-service*serverlessdeploy*"
      ]
    },
    {
      "Effect": "Allow",
      "Action": [
        "lambda:AddPermission",
        "lambda:CreateAlias",
        "lambda:DeleteFunction",
        "lambda:InvokeFunction",
        "lambda:PublishVersion",
        "lambda:RemovePermission",
        "lambda:Update*"
      ],
      "Resource": [
        "arn:aws:lambda:*:*:function:ticket-service-*-*"
      ]
    },
    {
      "Effect": "Allow",
      "Action": [
        "apigateway:GET",
        "apigateway:POST",
        "apigateway:PUT",
        "apigateway:DELETE"
      ],
      "Resource": [
        "arn:aws:apigateway:*::/restapis*"
      ]
    },
    {
      "Effect": "Allow",
      "Action": [
        "iam:PassRole"
      ],
      "Resource": [
        "arn:aws:iam::*:role/*"
      ]
    },
    {
      "Effect": "Allow",
      "Action": "kinesis:*",
      "Resource": [
        "arn:aws:kinesis:*:*:stream/ticket-service-*-*"
      ]
    },
    {
      "Effect": "Allow",
      "Action": [
        "iam:GetRole",
        "iam:CreateRole",
        "iam:PutRolePolicy",
        "iam:DeleteRolePolicy",
        "iam:DeleteRole"
      ],
      "Resource": [
        "arn:aws:iam::*:role/ticket-service-*-*-lambdaRole"
      ]
    },
    {
      "Effect": "Allow",
      "Action": "sqs:*",
      "Resource": [
        "arn:aws:sqs:*:*:ticket-service-*-*"
      ]
    },
    {
      "Effect": "Allow",
      "Action": [
        "cloudwatch:GetMetricStatistics"
      ],
      "Resource": [
        "*"
      ]
    },
    {
      "Action": [
        "logs:CreateLogGroup",
        "logs:CreateLogStream",
        "logs:DeleteLogGroup"
      ],
      "Resource": [
        "arn:aws:logs:*:*:*"
      ],
      "Effect": "Allow"
    },
    {
      "Action": [
        "logs:PutLogEvents"
      ],
      "Resource": [
        "arn:aws:logs:*:*:*"
      ],
      "Effect": "Allow"
    },
    {
      "Effect": "Allow",
      "Action": [
        "logs:DescribeLogStreams",
        "logs:DescribeLogGroups",
        "logs:FilterLogEvents"
      ],
      "Resource": [
        "*"
      ]
    },
    {
      "Effect": "Allow",
      "Action": [
        "events:Put*",
        "events:Remove*",
        "events:Delete*"
      ],
      "Resource": [
        "arn:aws:events:*:*:rule/ticket-service-*-*"
      ]
    },
    {
      "Effect": "Allow",
      "Action": [
        "s3:CreateBucket"
      ],
      "Resource": [
        "arn:aws:s3:::*"
      ]
    }
  ]
}